Party,Cases
BSP,1
CPI(M),1
BJP,0
IND,0
CPI(M),1
IND,0
IND,0
IND,0
SUCI(C),0
Desiya Uzhavar Uzhaipalar Kazhagam,0
BSP,0
IND,0
INC,0
IND,0
Purvanchal Janta Party (Secular),0
IND,0
DMK,6
IND,0
IND,0
IND,0
AIADMK,0
Makkal Needhi Maiam,0
BSP,0
Naam Tamilar Katchi,0
Pattali Makkal Katchi,6
IND,0
Tamil Nadu Ilangyar Katchi,0
IND,0
BSP,0
CPI(M),0
IND,0
Ezhuchi Tamilargal Munnetra Kazhagam,0
BSP,0
IND,0
IND,0
IND,0
BSP,0
IND,0
IND,0
Peoples Party of India (Democratic),0
SUCI(C),0
BSP,0
IND,0
Jammu & Kashmir National Panthers Party,0
IND,0
Karnataka Pragnyavantha Janatha Party,0
NPP,0
IND,0
IND,0
IND,0
SDPI,3
IND,0
IND,0
Samajwadi Forward Bloc,0
BJP,0
INC,0
SHS,0
SDPI,2
IND,0
Jammu & Kashmir Peoples Democratic Party,0
IND,0
Ambedkar National Congress,1
IND,0
IND,0
SP,0
IND,1
SDPI,4
IND,0
IND,0
IND,0
Peoples Party of India (Democratic),0
INC,4
Akhil Bharatiya Muslim League (Secular),1
INC,0
IND,2
IND,2
IND,0
Tamil Nadu Ilangyar Katchi,1
INC,0
INC,0
IND,0
INC,1
AITC,3
BJD,0
IND,0
IND,0
Bahujan Mukti Party,0
Ambedkarite Party of India,0
YSRCP,0
TDP,0
IND,2
AITC,0
BJP,1
INC,0
Peoples Party of India (Democratic),0
IND,0
INC,7
BJP,0
BSP,0
IND,0
SDPI,1
IND,0
Swarna Bharat Party,0
People�s Union Party,0
IND,3
Samajwadi Forward Bloc,0
IND,0
IND,1
IND,0
Ambedkarite Party of India,0
IND,0
IND,0
IND,0
BJP,0
BJP,22
IND,0
Bahujan Maha Party,2
Peoples Democratic Party,0
AITC,4
NPP,0
IND,0
AIADMK,1
IND,0
IND,0
BJP,0
INC,0
Bahujan Maha Party,0
Anti Corruption Dynamic Party,0
Asom Jana Morcha,0
IND,2
IND,0
IND,0
BJP,0
Gondvana Gantantra Party,0
IND,0
IND,0
Bhartiya Dalit Party,1
JD(U),0
SHS,0
BSP,0
BJP,0
IND,0
IND,0
BSP,0
IND,0
IND,0
IND,0
Rastriya Aam Jan Seva Party,0
RLD,0
SDPI,3
AIFB,0
IND,0
IND,0
Ambedkarite Party of India,0
IND,0
All India Majlis-E-Ittehadul Muslimeen,4
Kamatapur Peoples Party (United),0
SP,0
Krupaa Party,0
IND,0
Pyramid Party of India,0
Janasena Party,0
IND,0
IND,0
DMDK,6
Makkal Needhi Maiam,0
Desiya Makkal Sakthi Katchi,0
DMDK,3
IND,0
Hindusthan Nirman Dal,0
IND,0
Vanchit Bahujan Aaghadi,1
IND,0
IND,0
IND,1
IND,0
IND,0
IND,1
IND,0
CPI,0
Bahujan Mukti Party,0
Bahujan Mukti Party,0
IND,0
IND,0
AAP,0
IND,0
IND,0
Pyramid Party of India,0
IND,0
IND,0
IND,0
BJP,1
IUML,0
IND,0
IND,1
IND,0
IND,0
IND,0
Swatantra Jantaraj Party,0
AITC,2
IND,1
IND,4
IND,0
IND,0
Vanchit Bahujan Aaghadi,0
IND,1
IND,1
"Makkal Sananayaga Kudiyarasu Katchi,",0
Uttama Prajaakeeya Party,0
INC,0
IND,0
Ambedkar National Congress,0
Rashtriya Samanta Dal,0
BSP,0
Karnataka Karmikara Paksha,0
Republican Party of India (Kamble),0
BJP,4
IND,0
CPI(M),0
IND,3
Hum Bhartiya Party,0
Pragatishil Samajwadi Party (Lohia),0
IND,1
Pyramid Party of India,0
BSP,1
IND,0
JD(S),1
IND,0
IND,0
Hind Samrajya Party,1
Rashtriya Backward Party,0
IND,0
IND,0
IND,0
Makkal Needhi Maiam,0
IND,0
IND,0
IND,0
SHS,2
Samaanya Praja Party,0
SHS,0
IND,0
IND,0
BJP,1
IND,0
IND,0
IND,0
BJP,4
IND,0
IND,0
IND,0
Makkal Needhi Maiam,1
IND,0
Pattali Makkal Katchi,12
IND,0
IND,0
India Praja Bandhu Party,0
India Praja Bandhu Party,0
BJP,0
NCP,0
SUCI(C),0
IND,0
IND,0
Rashtravadi Janata Party,0
INC,0
IND,0
INC,1
IND,0
IND,1
IND,1
IND,0
IND,0
IND,0
IND,0
IND,0
IND,0
IND,0
BJP,0
SHS,0
IND,0
BSP,0
Pyramid Party of India,0
Vanchit Bahujan Aaghadi,0
INC,0
IND,0
IND,0
IND,0
IND,0
Ganasangam Party of India,0
IND,0
DMK,0
IND,0
IND,0
IND,0
IND,0
IND,0
IND,0
Bhartiya Bahujan Kranti Dal,4
BJP,0
IND,2
Sarva Janata Party,0
IND,0
IND,0
Hindusthan Nirman Dal,0
INC,1
IND,0
BSP,0
Uttarakhand Kranti Dal (Democratic),1
IND,0
Subhashwadi Bhartiya Samajwadi Party (Subhas,0
INC,42
IND,0
NCP,0
IND,0
Bhartiya Kisan Party,0
IND,0
IND,0
IND,5
IND,0
BJP,0
SUCI(C),0
IND,0
Mundadugu Praja Party,0
IND,0
Bharipa Bahujan Mahasangh,0
IND,0
IND,0
BSP,0
Pyramid Party of India,0
IND,0
Rashtriya Jansambhavna Party,0
IND,0
Agila India Makkal Kazhagam,0
IND,0
Vanchit Bahujan Aaghadi,3
SHS,1
IND,1
IND,0
Purvanchal Janta Party (Secular),0
AITC,0
Minorities Democratic Party,3
IND,0
SHS,0
IND,0
Makkal Needhi Maiam,0
Naam Tamilar Katchi,0
BSP,1
IND,0
IND,3
IND,0
Peoples Party of India (Democratic),0
SUCI(C),0
IND,0
Telangana Jana Samithi,1
IND,0
IND,0
BSP,3
Viduthalai Chiruthaigal Katchi,0
Bahujan Republican Socialist Party,0
BJP,0
Vanchit Bahujan Aaghadi,1
IND,0
Pyramid Party of India,0
IND,0
IND,0
CPI,0
BJD,0
Bahujan Republican Socialist Party,0
IND,1
IND,0
IND,0
IND,0
IND,0
IND,0
Rashtriya Krantikari Samajwadi Party,0
Bahujan Republican Socialist Party,0
All India Majlis-E-Ittehadul Muslimeen,5
AIADMK,0
CPI(ML)(L),2
IND,0
Gondvana Gantantra Party,0
AITC,0
North East India Development Party,0
IND,0
Uttama Prajaakeeya Party,0
IND,0
IND,0
Hum Bhartiya Party,0
Ambedkar Samaj Party,0
TDP,0
IND,2
IND,0
IND,2
IND,2
IND,0
BSP,0
BJP,0
IND,0
IND,0
Subhashwadi Bhartiya Samajwadi Party,0
Ambedkarite Party of India,0
INC,0
INC,3
IND,0
Bharat Prabhat Party,0
IND,0
BJP,2
Minorities Democratic Party,1
Vanchit Bahujan Aaghadi,0
IND,0
IND,0
INC,4
Rashtriya Shoshit Samaj Party,0
Pragatisheel Samaj Party,0
IND,0
IND,0
IND,0
INC,3
IND,0
Peoples Party of India (Democratic),0
IND,0
IND,0
IND,0
IND,3
AITC,0
IND,0
IND,0
Indian New Congress Party,1
BSP,0
IND,0
Purvanchal Janta Party (Secular),0
IND,0
INC,0
Viduthalai Chiruthaigal Katchi,0
IND,0
BSP,0
SHS,1
IND,0
IND,0
BJP,0
Pyramid Party of India,0
"Proutist Bloc, India",0
IND,0
Pyramid Party of India,0
IND,1
IND,0
IND,0
INC,1
BSP,0
TRS,18
IND,1
IND,0
IND,0
INC,0
BJP,0
IND,0
IND,0
BJP,2
National Womens Party,0
DMK,0
Bharatiya Sarvodaya Kranti Party,0
IND,1
BSP,0
IND,0
IND,0
SDPI,1
Bharath Dharma Jana Sena,4
Bahujan Mukti Party,0
IND,0
IND,0
IND,0
IND,0
BSP,0
CPI(M),0
IND,0
IND,0
IND,0
IND,0
IND,0
BSP,0
AIUDF,7
AIFB,0
IND,0
IND,2
IND,0
BJP,2
Ambedkarite Party of India,0
NCP,1
IND,2
IND,0
IND,0
BSP,0
IND,0
BJP,0
IND,0
IND,0
IND,1
IND,0
IND,0
IND,0
IND,0
India Praja Bandhu Party,0
BSP,0
INC,1
Bahujan Mukti Party,0
YSRCP,2
BSP,0
IND,0
IND,0
Vanchit Bahujan Aaghadi,2
YSRCP,0
Hindusthan Nirman Dal,0
Bhartiya Anarakshit Party,0
IND,0
IND,0
BJP,3
Ambedkarite Party of India,0
IND,0
IND,0
Jana Jagruti Party,0
IND,0
JD(S),0
BJP,6
Uttama Prajaakeeya Party,0
Janasena Party,0
CPI(ML) Red Star,0
IND,0
Bharatiya Bahujan Party,0
IND,0
INC,3
IND,0
BJP,52
IND,0
IND,0
IND,0
IND,0
IND,0
Yuva Jan Jagriti Party,0
Secular Democratic Congress,0
BJP,3
IND,0
AAP,0
Naam Tamilar Katchi,0
Puducherry Development Party,0
Bharatiya Bahujan Congress,0
Prajaa Swaraaj Party,0
Janasena Party,0
IND,0
IND,0
IND,0
TDP,0
IND,0
IND,0
Janasena Party,0
YSRCP,4
IND,0
National Women,0
INC,4
IND,0
NPP,1
BSP,0
National Republican Congress,0
BJP,3
IND,0
CPI(M),0
BJP,1
IND,0
SP,2
IND,0
BSP,0
INC,3
Kalinga Sena,1
IND,0
IND,0
IND,0
Bahujan Mukti Party,0
IND,0
IND,0
INC,0
Gorkha Rashtriya Congress,1
TDP,0
IND,0
Rashtriya Kranti Party,1
IND,0
INC,0
SUCI(C),0
Gujarat Janta Panchayat Party,0
IND,0
BJD,0
IND,2
IND,0
BSP,0
Janasena Party,0
IND,0
Akhil Bharatiya Jan Sangh,0
Right to Recall Party,0
Right to Recall Party,0
SHS,3
IND,0
Ambedkarite Party of India,0
IND,0
Bhartiya Tribal Party,1
Bahujan Mukti Party,0
Jammu & Kashmir National Panthers Party,0
Peoples Party of India (Democratic),0
Vanchit Bahujan Aaghadi,0
Fauji Janta Party,0
IND,0
Swatantra Jantaraj Party,0
CPI(ML) Red Star,0
Rashtriya Jansabha Party,1
INC,0
BJP,1
NCP,8
IND,1
BJP,4
INC,0
Rashtriya Lok Samta Party,3
IND,0
IND,2
Voters Party International,0
Rashtriya Shoshit Samaj Party,0
Rashtriya Samajwadi Party (Secular),0
IND,0
IND,0
Ambedkarite Party of India,0
INC,4
AITC,0
IND,0
IND,0
IND,0
Bharath Dharma Jana Sena,0
IND,0
IND,0
INC,0
SUCI(C),0
Ambedkarite Party of India,0
IND,0
IND,0
IND,0
SUCI(C),0
IND,0
IND,0
Hamro Sikkim Party,0
CPI(M),0
SUCI(C),1
INC,0
INC,0
Kalinga Sena,0
CPI(M),1
Freethought Party of India,0
Krupaa Party,0
IND,0
INC,0
Hum Bhartiya Party,0
CPI(M),0
IND,0
IND,0
IND,1
BSP,0
BJP,0
IND,0
Janasena Party,1
IND,2
IND,0
IND,0
IND,0
IND,0
Akhil Bhartiya Ekata Party,3
IND,0
Hindusthan Nirman Dal,0
Indigenousn Peoples Front Of Tripura,0
IND,0
IND,3
Praja Shanthi Party,0
IND,0
Aihra National Party,1
IND,1
IND,0
IND,0
IND,0
All India Hindustan Congress Party,0
IND,0
BJP,0
MNF,0
IND,0
BJP,0
IND,0
IND,0
IND,0
IND,0
BSP,0
IND,0
IND,0
IND,0
BSP,4
IND,0
IND,0
IND,0
BSP,0
IND,0
IND,0
IND,0
INC,0
IND,0
Anti Corruption Dynamic Party,0
IND,3
Uttama Prajaakeeya Party,1
IND,0
IND,0
TDP,0
Navarang Congress Party,0
IND,0
IND,0
Jan Adesh Akshuni Sena,0
IND,0
Bhartiya Anarakshit Party,0
INC,4
BJP,1
Social Justice Party of India,1
IND,0
IND,0
AITC,0
LJP,2
IND,0
Makkal Needhi Maiam,0
Ambedkarite Party of India,0
CPI(M),2
BJD,0
Rashtriya Jansurajya Party,0
Rashtriya Jansabha Party,0
BSP,0
IND,0
Vivasayigal Makkal Munnetra Katchi,0
IND,0
BJD,0
Peoples Party of India (Democratic),0
AIADMK,0
IND,0
IND,0
Purvanchal Janta Party (Secular),0
IND,0
IND,0
IND,1
INC,0
Bahujan Mukti Party,0
INC,1
NCP,0
Bahujan Mukti Party,0
IND,0
INC,0
IND,10
Pragatishil Samajwadi Party (Lohia),2
IND,2
IND,0
BJP,0
IND,7
Rashtriya Power Party,0
IND,0
IND,0
Yuva Jan Jagriti Party,0
IND,1
Yuva Jan Jagriti Party,0
BSP,0
BSP,0
IND,0
IND,0
IND,1
INC,0
IND,0
Hindusthan Nirman Dal,0
BJP,0
Uttama Prajaakeeya Party,0
INC,0
Tamil Nadu Ilangyar Katchi,0
IND,0
Dalita Bahujana Party,0
IND,0
IND,0
INC,2
Bhartiya Shakti Chetna Party,0
Ambedkarite Party of India,0
Bhartiya Mitra Party,0
IND,0
Bhartiya Tribal Party,6
IND,0
BJP,0
IND,0
Mundadugu Praja Party,0
Bahujan Republican Socialist Party,1
IND,0
BJP,0
Pyramid Party of India,0
DMK,0
YSRCP,0
INC,0
Janasena Party,0
IND,0
Pyramid Party of India,0
BJP,0
IND,0
LJP,1
IND,0
Naam Tamilar Katchi,0
SUCI(C),0
IND,0
IND,0
CPI,0
IND,0
LJP,1
Naam Tamilar Katchi,1
Indian Democratic Republican Front,0
IND,0
BJP,1
BJP,0
BSP,0
Marxist Leninist Party of India (Red Flag),0
CPI(ML) Red Star,0
CPI(ML) Red Star,0
INC,0
Aihra National Party,0
Republican Sena,0
IND,0
IND,0
IND,0
IND,0
BSP,0
BJP,2
Rashtriya Samaj Paksha,0
IND,0
B. C. United Front,0
Anna YSR Congress Party,0
IND,0
IND,0
TDP,0
IND,0
IND,0
INC,5
IND,0
DMK,2
Samajwadi Janata Party(Karnataka),0
INC,0
RPI(A),0
BJP,0
IND,0
BJP,0
IND,0
BJP,0
IND,0
CPI(ML)(L),0
IND,0
SP,0
IND,0
BJP,2
IND,0
IND,0
India Praja Bandhu Party,0
Bharatiya Praja Surajya Paksha,0
Bahujan Republican Socialist Party,0
AITC,0
IND,0
IND,0
AAP,0
IND,0
Bahujan Mukti Party,0
IND,0
IND,0
BSP,0
Aapki Apni Party (Peoples),0
IND,3
TRS,0
IND,0
Ambedkarite Party of India,0
Bahujan Republican Socialist Party,0
Moolniwasi Samaj Party,0
Hindusthan Nirman Dal,0
DMK,1
Aapki Apni Party (Peoples),0
IND,0
INC,204
BJP,2
SHS,0
INC,4
Pragatishil Samajwadi Party (Lohia),1
SUCI(C),0
INC,1
IND,0
Bhapase Party,0
IND,0
IND,0
IND,0
SDF,0
Hindusthan Nirman Dal,0
IND,0
IND,9
Ambedkarite Party of India,0
IND,0
IND,0
IND,2
IND,0
IND,0
IND,0
IND,0
BJP,0
IND,0
IND,0
IND,0
IND,1
IND,1
BSP,0
IND,1
SUCI(C),0
Samajwadi Janata Dal Democratic,0
Uttama Prajaakeeya Party,0
IND,0
IND,0
RPI(A),0
SHS,0
Real Democracy Party,0
IND,0
RPI(A),0
NCP,4
IND,0
Purvanchal Janta Party (Secular),0
Welfare Party Of India,0
Bahujan Mukti Party,0
INC,0
INC,5
Vanchit Bahujan Aaghadi,1
BSP,2
DMK,1
IND,0
Vyavastha Parivartan Party,2
Vyavastha Parivartan Party,2
Janasena Party,0
IND,0
IND,0
BJP,1
IND,0
Praja Satta Party,2
IND,0
BHARTIYA JANTA DAL,0
SHS,0
BJP,0
IND,0
SP,3
BSP,0
Sikkim Republican Party,0
Right to Recall Party,0
Aam Adhikar Morcha,0
IND,0
New All India Congress Party,0
IND,0
Desh Janhit Party,0
BJP,0
Peace Party,0
Uttarakhand Kranti Dal (Democratic),0
Bhartiya Harit Party,0
JD(U),2
BSP,0
Assam Dristi Party,0
IND,0
Bahujan Republican Socialist Party,0
RPI(A),0
NCP,0
IND,0
JD(U),1
Hindusthan Nirman Dal,0
Bhartiya Anarakshit Party,0
Ambedkarite Party of India,0
IND,3
IND,0
IND,0
BSP,0
IND,0
IND,0
Kamatapur Peoples Party (United),0
IND,0
IND,0
Bahujan Mukti Party,0
Manvadhikar National Party,0
IND,0
CPI,1
Rashtriya Bharatiya Jan Jan Party,2
DMK,1
IND,0
Lokjagar Party,2
BSP,0
IND,0
INC,0
INC,0
All India Praja Party,0
IND,0
IND,0
BSP,0
IND,0
IND,0
New India Party,2
New India Party,2
IND,0
IND,0
BSP,0
Akhil Hind Forward Bloc (Krantikari),1
BJP,0
Pattali Makkal Katchi,1
INC,4
BJP,0
YSRCP,0
BSP,0
INC,0
IND,0
INC,0
BSP,0
INC,0
Bharatiya Gana Parishad,0
BSP,1
IND,3
Pyramid Party of India,0
JD(U),0
IND,1
BSP,0
BJP,0
IND,1
BSP,2
IND,0
IND,0
RPI(A),1
Manipur Democratic Peoples Front,0
Nirbhay Bharteey Party,0
BJP,0
IND,0
DMK,0
IND,0
BJP,0
IND,0
IND,0
RPI(A),0
IND,0
BJP,0
Peoples Party of India (Democratic),0
IND,0
INC,1
JD(U),0
IND,0
SUCI(C),1
INC,0
All India N.R. Congress,0
TRS,0
IND,0
IND,0
IND,0
NCP,1
IND,0
IND,0
IND,0
SP,0
IND,0
Sabse Achchhi Party,1
BJP,1
SP,0
BSP,0
Sabka Dal United,0
BJP,0
Rashtriya Indepndent Morcha,0
IND,0
JD(S),0
BJP,0
Bahujan Mukti Party,0
BJP,0
BSP,0
Akhil Bhartiya Sarvadharma Samaj Party,0
Bhartiya Shakti Chetna Party,0
Sarvodaya Bharat Party,0
INC,5
Swatantra Bharat Paksha,0
YSRCP,0
BJP,0
IND,0
DMDK,0
TRS,0
IND,0
BSP,0
Indian Christian Front,0
BJP,0
INC,0
AIADMK,9
Makkal Needhi Maiam,0
AIADMK,0
Bahujan Republican Socialist Party,1
IND,0
INC,1
BSP,1
IND,0
INC,0
Uttarakhand Kranti Dal (Democratic),0
IND,0
JD(U),1
BSP,0
IND,2
IND,0
IND,0
IND,0
BSP,0
IND,0
IND,0
Ambedkarite Party of India,0
IND,0
IND,1
IUML,0
BSP,0
IND,0
IND,0
Indian Christian Front,0
IND,0
IND,0
IND,0
IND,0
INC,10
IND,0
IND,0
IND,0
IND,0
IND,0
AIADMK,0
AAP,1
IND,0
IND,0
IND,0
IND,0
Indian Rakshaka Nayakudu Party,0
Pyramid Party of India,0
IND,0
INC,0
BSP,0
IND,0
IND,0
IND,14
IND,0
IND,0
Gondvana Gantantra Party,0
Jammu & Kashmir National Conference,1
Bharatiya Praja Surajya Paksha,0
Bahujan Mukti Party,0
BJP,0
IND,0
IND,0
IND,0
IND,0
IND,2
BSP,0
Pragatishil Samajwadi Party (Lohia),0
Telangana Prajala Party,1
IND,0
BJP,0
IND,0
BJP,0
SP,0
Samajwadi Forward Bloc,0
IND,0
Republican Sena,0
Purvanchal Janta Party (Secular),0
SUCI(C),0
IND,0
IND,0
IND,0
IND,0
IND,0
IND,0
IND,0
IND,0
IND,0
IND,0
IND,1
Peoples Party of India(secular),0
IND,0
IND,0
IND,0
IND,0
IND,0
IND,0
IND,0
IND,0
Bahujan Mukti Party,0
Navodayam Party,0
BJP,0
Ambedkarist Republican Party,0
IND,0
IND,0
Ambedkarist Republican Party,0
IND,0
IND,0
IND,0
IND,0
IND,3
IND,0
IND,0
IND,2
Kranti Kari Jai Hind Sena,0
IND,0
IND,0
Sardar Vallabhbhai Patel Party,0
Bahujan Republican Socialist Party,0
Svatantra Bharat Satyagrah Party,0
IND,0
IND,0
Voters Party International,0
IND,0
IND,0
IND,0
IND,1
Tamil Nadu Ilangyar Katchi,0
IND,0
IND,1
Makkal Needhi Maiam,0
Ambedkarite Party of India,0
Maharashtra Kranti Sena,0
Akhil Bharatiya Sena,1
IND,0
Uttama Prajaakeeya Party,0
BSP,0
DMK,0
IND,0
IND,1
Rashtriya Jansambhavna Party,0
Peoples Party of India (Democratic),1
IND,0
IND,0
IND,0
IND,0
SUCI(C),0
IND,0
BJP,0
IND,0
IND,0
IND,0
IND,0
IND,0
RPI(A),0
IND,0
IND,2
IND,0
TDP,0
IND,0
IND,0
BJP,0
IND,0
IND,0
INC,0
Bahujan Mukti Party,0
IND,0
Sarv Vikas Party,0
Yuva Sarkar,0
DMK,1
Ambedkarite Party of India,1
INC,6
BSP,0
IND,0
Viduthalai Chiruthaigal Katchi,0
INC,41
IND,0
Christian Democratic Front,0
IND,3
Gondvana Gantantra Party,0
Vishwa Jana Party,0
Bharatiya Rashtriya Morcha,0
JD(U),1
BJP,1
BSP,1
INC,0
IND,0
DMK,4
AIFB,2
CPI,0
TRS,0
YSRCP,0
IND,0
CPI(ML)(L),0
Tamizhaga Murpokku Makkal Katchi,0
IND,0
Yuva Jan Jagriti Party,0
IND,0
IND,0
INC,5
IND,5
IND,4
BJP,0
IND,4
IND,0
IND,0
BSP,0
IND,0
IND,1
IND,0
IND,0
Chhattisgarh Swabhiman Manch,0
Vanchit Bahujan Aaghadi,5
Telangana Communist Party of India,0
IND,1
IND,0
IND,0
IND,0
IND,0
IND,1
Jana Jagruti Party,0
IND,0
IND,0
IND,0
IND,0
IND,0
BSP,1
BJP,0
IND,0
IND,1
BJP,0
CPI,1
IND,0
RJD,2
NCP,2
Ambedkarite Party of India,0
IND,0
IND,1
IND,0
Vanchit Bahujan Aaghadi,2
INC,0
IND,0
Ambedkar National Congress,0
Navarang Congress Party,0
IND,0
IND,0
Uttama Prajaakeeya Party,0
Marxist Communist Party of India (United),0
Indian New Congress Party,0
INC,0
IND,1
Makkal Needhi Maiam,0
INC,0
IND,0
Uttama Prajaakeeya Party,0
JD(S),0
IND,0
IND,0
BJP,3
IND,0
All Pensioner�s Party,0
Ambedkar National Congress,0
IND,0
INC,0
BSP,0
BSP,6
Navsarjan Bharat Party,0
BJP,0
IND,0
JD(U),0
IND,0
IND,0
IND,0
Uttama Prajaakeeya Party,0
IND,1
IND,1
INC,1
INC,0
IND,0
IND,2
IND,0
SUCI(C),3
BSP,0
Makkal Needhi Maiam,0
IND,0
IND,0
Voters Party International,0
IND,0
IND,0
IND,0
INC,1
Sangharsh Sena,0
IND,0
All India Jana Andolan Party,3
Jammu & Kashmir National Panthers Party,3
Right to Recall Party,0
IND,2
IND,0
Rashtriya Ulama Council,0
IND,0
IND,0
IND,1
IND,0
IND,0
NPP,0
SUCI(C),0
BJP,0
IND,1
IND,1
CPI(ML) Red Star,0
IND,0
SP,1
IND,0
INC,7
Sarvadharam Party,0
INC,1
Lok Gathbandhan Party,0
IND,1
IND,0
Rashtriya Samaj Paksha,0
AITC,0
IND,0
Autonomous State Demand Committee,0
BJP,2
IND,0
BJP,0
SUCI(C),0
BJP,10
IND,0
Democratic Prajakranthi Party Secularist,0
IND,0
IND,2
IND,0
Social Justice Party of India,0
Ambedkarite Party of India,0
Pragatishil Samajwadi Party (Lohia),1
Bhartiya Hind Fauj,0
IND,0
Ambedkar National Congress,0
INC,8
IND,0
AIMIM,4
IND,0
IND,0
BSP,0
Sikkim Krantikari Morcha,0
Rashtriya Surya Prakash Party,0
IND,0
IND,0
IND,0
CPI(M),0
BSP,0
IND,0
BSP,0
Jammu & Kashmir People Conference,0
IND,0
VANCHITSAMAJ INSAAF PARTY,0
IND,0
INC,0
All India Minorities Front,0
Bahujan Mukti Party,2
Uttama Prajaakeeya Party,0
IND,0
National Lokmat Party,0
Dalita Bahujana Party,0
IND,0
IND,0
IND,0
IND,0
IND,1
SUCI(C),0
Makkal Needhi Maiam,1
AIADMK,0
IND,0
Democratic Corruption Liberation Front,0
Viduthalai Chiruthaigal Katchi,2
Peoples Party of India (Democratic),0
IND,0
Yuva Jan Jagriti Party,0
Vanchit Bahujan Aaghadi,1
SHS,6
IND,0
IND,0
IND,0
CPI,9
IND,0
IND,0
IND,0
IND,1
Loktantrik Janshakti Party,0
Bahujan Mukti Party,0
Bharatiya National Janta Dal,0
IND,0
IND,0
Akhand Samaj Party,0
IND,1
Pragatishil Samajwadi Party (Lohia),0
Jammu & Kashmir National Panthers Party,0
IND,0
RJD,2
Gondvana Gantantra Party,0
IND,0
IND,0
IND,0
IND,0
Jansatta Party,0
IND,0
IND,1
IND,0
IND,0
Karnataka Jantha Paksha,0
IND,0
Telangana Sakalajanula Party,0
CPI(M),1
Bahujan Mukti Party,0
IND,1
INC,0
IND,1
BJP,0
IND,0
JD(S),0
IND,0
IND,0
Rashtriya Shoshit Samaj Party,0
BJP,0
Rashtriya Naujawan Dal,0
All India Hindustan Congress Party,1
National Labour Party,0
BJP,0
AIFB,0
AITC,2
IND,4
IND,1
IND,0
IND,0
IND,0
Yuva Sarkar,0
IND,0
UKD,2
BSP,0
Naam Indiar Party,0
TDP,0
Tamil Nadu Ilangyar Katchi,0
RLD,0
IND,0
IND,0
BJP,0
BJP,0
BJP,0
Akhil Bharat Hindu Mahasabha,0
BSP,0
IND,0
IND,0
CPI(M),10
BJP,0
IND,0
BJP,0
BSP,0
IND,0
Ambedkarite Party of India,0
IND,0
IND,3
All India Praja Party,0
United Democratic Party,0
IND,0
IND,2
IND,1
INC,0
IND,0
IND,1
IND,0
BSP,0
BJP,0
BSP,0
Hindustani Awam Morcha (Secular),3
CPI(M),1
RPI,0
IND,0
Pragatishil Samajwadi Party (Lohia),1
IND,0
BSP,1
Sanyukt Vikas Party,0
Purvanchal Janta Party (Secular),0
BJP,9
Secular Democratic Congress,0
BSP,0
IND,0
IND,1
IND,9
AIFB,0
Ambedkarite Party of India,0
Marxist Communist Party of India (United),0
JMM,0
Desiya Makkal Sakthi Katchi,0
Pyramid Party of India,0
Desiya Uzhavar Uzhaipalar Kazhagam,0
INC,0
IND,1
BJP,2
IND,0
BJP,0
IND,0
IND,0
SUCI(C),0
TDP,0
Janasena Party,0
Kisan Mazdoor Sangharsh Party,0
BJP,0
Bahujan Mukti Party,0
INC,0
Jana Jagruti Party,0
IND,0
TRS,2
INC,0
Indian Gandhiyan Party,0
CPI(M),1
CPI(M),4
INC,0
IND,0
Samajwadi Forward Bloc,0
DMK,0
INC,3
BJP,240
IND,0
IND,0
IND,0
BSP,2
BSP,0
BSP,0
IND,0
INC,2
IND,0
INC,0
INC,3
IND,0
BSP,2
IND,0
Makkalatchi Katchi,0
IND,0
IND,0
IND,0
IND,0
IND,0
SUCI(C),0
IND,0
IND,1
IND,0
IND,0
IND,0
Praja Shanthi Party,2
Agila India Makkal Kazhagam,0
IND,0
IND,0
IND,0
IND,0
IND,0
IND,0
IND,0
INC,1
IND,0
IND,0
IND,0
IND,0
UKD,0
Pyramid Party of India,0
IND,1
IND,1
AIADMK,0
INC,0
IND,0
IND,0
IND,0
IND,0
CPI(ML) Red Star,0
INC,1
IND,6
IND,0
IND,0
BJP,0
IND,0
BSP,0
Ambedkar National Congress,0
INC,2
IND,0
AIFB,0
CPI(ML)(L),0
Pragatishil Samajwadi Party (Lohia),0
IND,0
IND,0
IND,0
IND,0
IND,0
Hindusthan Nirman Dal,0
IND,0
Bhartiya Anarakshit Party,0
AIADMK,0
IND,0
IND,0
IND,1
BJD,0
Bhartiya Navjawan Sena (Paksha),0
Naam Tamilar Katchi,3
BSP,1
IND,0
IND,0
IND,0
IND,0
CPI,0
IND,2
IND,0
Bharatiya Praja Surajya Paksha,0
BSP,0
IND,7
IND,1
IND,0
NPP,0
Bahujan Mukti Party,0
INC,0
IND,0
SUCI(C),0
BSP,0
IND,0
IND,0
Makkal Needhi Maiam,0
Peoples Party of India (Democratic),0
Tamil Nadu Ilangyar Katchi,0
IND,0
SHS,0
IND,0
IND,0
CPI,0
IND,0
National Nava Kranthi Party,0
BJP,0
INC,1
IND,0
IND,0
Kamatapur Peoples Party (United),1
IND,0
DMK,6
IND,0
BJP,0
Marxist Communist Party of India (United),0
IND,0
IND,0
IND,0
IND,0
IND,0
BSP,0
INC,1
YSRCP,3
BJP,0
IND,0
IND,0
BJP,1
IND,0
Pragatishil Samajwadi Party (Lohia),0
IND,28
IND,0
Navataram Party,0
Amra Bangalee,0
Anti Corruption Dynamic Party,0
Pyramid Party of India,0
IND,0
IND,0
IND,0
IND,0
IND,0
Naam Tamilar Katchi,0
INC,8
IND,0
IND,0
Naam Tamilar Katchi,0
IND,0
IND,0
IND,0
Pyramid Party of India,0
INC,1
IND,0
IND,0
IND,0
IND,0
IND,0
IND,0
Bahujan Mukti Party,0
Yekikrutha Sankshema Rashtriya Praja Party,0
IND,0
Pyramid Party of India,0
BJD,0
IND,0
Makkal Needhi Maiam,0
IND,0
TRS,1
IND,0
IND,0
Republican Sena,0
IND,0
INC,5
IND,0
SUCI(C),0
IUML,0
BJP,0
BJP,4
SHS,9
AITC,0
IND,1
IND,0
IND,0
Bhartiya Tribal Party,0
INC,0
IND,0
BSP,0
IND,2
Amra Bangalee,0
NPP,1
BSP,0
Vanchit Bahujan Aaghadi,0
Kartavya Rashtriya Party,1
IND,0
BSP,0
BJP,0
IND,0
IND,0
Baliraja Party,0
IND,0
Bharatiya Praja Surajya Paksha,0
IND,0
BSP,2
BSP,0
INC,0
INC,1
IND,0
IND,1
IND,0
INC,0
IND,3
IND,1
INC,14
CPI(M),1
IND,0
IND,0
TDP,0
Navodayam Party,0
INC,1
IND,0
IND,0
IND,0
Bahujan Mukti Party,0
IND,0
Ambedkar National Congress,0
TRS,0
IND,1
TDP,0
BSP,0
Pyramid Party of India,0
IND,0
IND,0
BJP,0
Bhartiya Tribal Party,0
Bharat Lok Sewak Party,0
Rashtravadi Janata Party,1
INC,0
Pyramid Party of India,2
Right to Recall Party,0
Marxist Communist Party of India (United),4
IND,1
IND,0
BJP,10
Naam Tamilar Katchi,0
IND,0
IND,0
IND,0
IND,0
Anaithu Makkal Puratchi Katchi,0
IND,0
SHS,0
Prabuddha Republican Party,0
IND,0
SP,0
IND,0
Bhartiya Kisan Party,0
INC,0
IND,0
Asom Gana Parishad,1
IND,0
Bharatiya Prajagala Kalyana Paksha,0
BJP,0
IND,1
IND,0
IND,0
IND,0
IND,0
BJP,2
Pyramid Party of India,0
IND,0
Nava Praja Rajyam Party,0
IND,0
IND,0
BJP,0
IUML,2
Pragatishil Samajwadi Party (Lohia),5
IND,0
IND,0
BSP,0
BJP,3
INC,0
IND,0
Anti Corruption Dynamic Party,0
IND,0
Ulzaipali Makkal Katchy,0
Ganasangam Party of India,0
IND,0
IND,0
Secular Democratic Congress,0
IND,0
YSRCP,2
IND,0
IND,0
IND,0
IND,0
IND,1
IND,0
IND,0
IND,0
IND,0
IND,0
Peoples Party of India(secular),0
Naitik Party,0
IND,0
Bahujan Mukti Party,0
IND,0
Bahujan Mukti Party,0
BSP,0
Ambedkarite Party of India,0
RPI(A),0
IND,0
IND,0
INC,0
Rajyadhikara Party,3
IND,0
Dogra Swabhiman Sangathan Party,0
Dogra Swabhiman Sangathan Party,0
IND,2
IND,0
Peoples Party of India (Democratic),0
INC,2
BSP,0
INC,1
Akhil Bharat Hindu Mahasabha,0
IND,0
IND,0
Bahujana Raajyam Party (Phule Ambedkar),0
IND,0
BJP,0
YSRCP,0
IND,0
IND,0
Peoples Party of India (Democratic),0
IND,0
Jan Satya Path Party,0
BSP,0
IND,0
IND,0
NPP,0
Bhartiya Tribal Party,0
IND,0
IND,0
IND,0
IND,0
Andhra Chaitanya Party,0
IND,0
IND,0
IND,0
IND,0
Social Justice Party of India,0
Makkal Needhi Maiam,0
IND,1
IND,3
IND,0
NPF,0
IND,0
INC,0
IND,0
Mundadugu Praja Party,0
Samajwadi Forward Bloc,0
Akhil Bharatiya Muslim League (Secular),0
CPI(M),10
IND,0
IND,1
IND,0
IND,0
BSP,0
Agila India Makkal Kazhagam,2
IND,0
Uttama Prajaakeeya Party,0
YSRCP,1
IND,0
IND,0
SUCI(C),1
IND,0
IND,0
Ilantamilar Munnani Kazhagam,0
IND,0
Ambedkarite Party of India,0
Viduthalai Chiruthaigal Katchi,3
Andhra Rastra Praja Samithi,0
IND,0
AIADMK,0
Desiya Makkal Sakthi Katchi,0
IND,0
IND,0
INC,0
Proutist Sarva Samaj,0
IND,0
BSP,0
IND,0
INC,1
IND,0
Desiya Makkal Sakthi Katchi,0
IND,0
IND,0
IND,0
IND,0
Tamil Nadu Ilangyar Katchi,0
IND,0
IND,0
IND,0
IND,0
IND,0
AIADMK,0
INC,2
INC,0
Pyramid Party of India,0
Naam Tamilar Katchi,0
IND,0
BSP,0
Pyramid Party of India,0
Bahujan Mukti Party,0
BJP,0
IND,0
IND,0
IND,0
SHS,0
IND,0
IND,0
IND,0
IND,0
IND,0
IND,0
SUCI(C),0
IND,0
Peoples Party of India (Democratic),0
IND,0
IND,0
Hindustan Janta Party,0
"Proutist Bloc, India",1
Naam Tamilar Katchi,0
INC,1
Aam Janta Party Rashtriya,0
BJP,2
TDP,1
RPI,0
IND,0
IND,0
IND,0
IND,0
YSRCP,0
IND,0
IND,0
IND,0
Ambedkar Samaj Party,0
Bharat Prabhat Party,0
BJP,0
IND,0
BSP,1
INC,0
IND,0
IND,5
Pragatishil Samajwadi Party (Lohia),2
IND,1
IND,0
IND,0
Janasena Party,0
IND,0
IND,0
NCP,2
BSP,0
Forward Democratic Labour Party,0
Voters Party International,0
IND,0
BJP,0
IND,0
AIADMK,0
Naam Tamilar Katchi,1
Uttama Prajaakeeya Party,0
INC,0
IND,1
IND,0
IND,0
BJD,1
Kalyankari Jantantrik Party,0
Bahujan Mukti Party,1
BSP,0
INC,0
IND,0
IND,0
IND,0
IND,0
IND,0
Garvi Gujarat Party,2
IND,0
BJP,0
Naam Tamilar Katchi,0
IND,0
Ambedkarite Party of India,0
SUCI(C),0
IND,0
INC,0
IND,0
INC,0
CPI(M),1
BSP,7
TDP,0
AITC,0
IND,0
IND,0
IND,0
Purvanchal Janta Party (Secular),0
CPI(ML) Red Star,2
SUCI(C),1
CPI(ML)(L),0
IND,0
TDP,0
IND,0
Bahujan Republican Socialist Party,0
BJP,0
Peoples Party of India (Democratic),0
Majdoor Kisan Union Party,0
BSP,0
INC,0
IND,0
INC,0
Hindusthan Nirman Dal,0
Ulzaipali Makkal Katchy,0
IND,0
IND,0
IND,0
IND,0
AIADMK,0
IND,0
IND,0
IND,0
INC,0
SHS,0
IND,0
Pragatishil Samajwadi Party (Lohia),0
IND,1
BJP,0
JMM,0
IND,1
Uttama Prajaakeeya Party,0
Bharat Bhoomi Party,0
Uttama Prajaakeeya Party,0
IND,0
IND,0
IND,0
CPI(ML) Red Star,0
TRS,0
Vanchit Bahujan Aaghadi,0
IND,0
Anaithu Makkal Puratchi Katchi,0
IND,0
IND,0
IND,0
Aapki Apni Party (Peoples),0
INC,0
Aam Adhikar Morcha,0
IND,0
IND,0
BSP,0
IND,0
Sarvodaya Bharat Party,0
Akhil Bhartiya Lok Dal,0
AITC,5
Bahujan Nyay Dal,1
BJP,0
IND,0
IND,0
IND,0
AIADMK,0
IND,0
Praja Shanthi Party,0
IND,0
Bahujan Mukti Party,0
Bhartiya Shakti Chetna Party,0
YSRCP,2
India Praja Bandhu Party,1
IND,0
IND,0
IND,0
IND,0
Vanchit Bahujan Aaghadi,0
Bahujan Azad Party,1
IND,0
Bhartiya Shakti Chetna Party,0
RPI(A),0
Naam Tamilar Katchi,3
The National Road Map Party of India,0
Pragatishil Samajwadi Party (Lohia),1
Pyramid Party of India,0
IND,0
IND,0
AITC,2
IND,0
BSP,0
Tamil Nadu Ilangyar Katchi,0
IND,0
IND,0
Rashtra Vikas Zumbes Party,0
IND,0
IND,0
Jamat-E-Seratul Mustakim,0
IND,1
Bahujan Maha Party,0
IND,0
AITC,0
IND,0
IND,0
IND,0
IND,0
Asom Jana Morcha,0
IND,0
IND,0
IND,0
IND,0
BSP,1
IND,0
CPI(M),1
SUCI(C),0
SDPI,0
CPI(M),0
IND,0
Rashtriya Praja Congress (Secular),2
IND,0
IND,0
IND,0
IND,8
SHS,0
IND,0
IND,0
IND,0
RPI(A),0
Janasena Party,0
IND,0
IND,0
Uttama Prajaakeeya Party,0
IND,0
Pyramid Party of India,0
Janasena Party,0
IND,0
BSP,0
Revolutionary Socialist Party,0
BSP,2
IND,0
IND,0
IND,0
SUCI(C),1
IND,0
Jan Sangharsh Virat Party,0
Sanyukt Vikas Party,0
IND,0
IND,3
BJP,2
IND,0
INC,1
BJP,2
IND,0
IND,0
Jan Shakti Dal,0
Pragatishil Samajwadi Party (Lohia),0
INC,0
YSRCP,3
IND,0
BSP,0
Jai Hind Party,0
Jammu & Kashmir National Conference,0
IND,0
BSP,1
SP,10
IND,0
BSP,0
IND,0
Navbharat Nirman Party,0
IND,0
IND,0
Bharat Prabhat Party,0
IND,0
SDPI,1
NCP,2
INC,0
IND,0
Ambedkar National Congress,0
Praja Satta Party,0
IND,0
IND,2
Bahujan Mukti Party,0
IND,0
IND,0
Vanchit Bahujan Aaghadi,0
IND,0
IND,0
INC,0
RPI(A),0
BJP,0
IND,8
INC,6
Rashtriya Samajwadi Party (Secular),0
SHS,0
IND,3
SUCI(C),0
IND,0
INC,0
IND,0
IND,0
National Fifty Fifty Front,0
Navarang Congress Party,1
IND,0
IND,0
BJP,0
IND,0
Jammu & Kashmir Pir Panjal Awami Party,0
United Democratic Front Secular,4
IND,0
Sabse Achchhi Party,0
Lok Dal,2
Pragatishil Samajwadi Party (Lohia),0
IND,0
Bahujan Mukti Party,0
SDPI,2
CPI,0
IND,0
Janasena Party,1
IND,4
Rashtriya Ulama Council,0
Bahujan Mukti Party,0
Peoples Party of Arunachal,0
Bahujan Mukti Party,0
Asom Gana Parishad,0
Makkal Needhi Maiam,0
IND,0
IND,1
IND,0
Pyramid Party of India,0
National Development Party,0
IND,0
IND,0
IND,0
IND,0
NCP,0
IND,0
IND,0
IND,0
INC,0
IND,0
IND,0
Peoples Democratic Party,0
Mahasankalp Janta Party,0
AIFB,0
IND,0
Vikassheel Insaan Party,4
IND,0
IND,0
Janasena Party,0
IND,0
Janasena Party,0
SP,1
IND,0
IND,0
Lok Gathbandhan Party,0
Makkal Needhi Maiam,0
IND,0
IND,0
Uttama Prajaakeeya Party,0
IND,0
IND,0
IND,0
India Praja Bandhu Party,0
IND,0
IND,0
IND,0
IND,0
IND,0
IND,0
IND,3
IND,0
IND,0
SDPI,0
BSP,4
IND,0
IND,0
IND,0
SUCI(C),0
IND,0
IND,0
IND,0
IND,0
BSP,0
IND,0
Ganasangam Party of India,0
IND,0
Janasena Party,0
Raita Bharat Party,0
IND,0
IND,0
Janasena Party,0
IND,0
CPI(ML) Red Star,3
IND,0
IND,3
IND,0
Pyramid Party of India,0
IND,0
Jai Vijaya Bharathi Party,0
IND,0
IND,0
IND,0
YSRCP,0
IND,0
IND,1
IND,0
IND,2
IND,0
TDP,4
IND,0
IND,0
IND,0
IND,5
SUCI(C),1
INC,1
Desiya Uzhavar Uzhaipalar Kazhagam,0
IND,0
IND,1
IND,0
Peace Party,3
IND,0
IND,0
Janasena Party,0
IND,0
IND,0
IND,0
IND,1
IND,0
Rashtriya Samaj Paksha,3
IND,0
IND,1
SHS,0
Karnataka Jantha Paksha,0
IND,4
IND,0
IND,0
IND,0
Rashtriya Jansambhavna Party,0
IND,0
IND,0
IND,0
BJP,1
Anaithu Makkal Katchi,0
IND,0
IND,0
IND,0
Baliraja Party,1
INC,4
BSP,0
BJP,4
IND,0
BJD,0
IND,0
Prem Janata Dal,0
Pyramid Party of India,0
IND,6
INC,0
TRS,5
IND,1
INC,0
IND,0
Gondvana Gantantra Party,0
NCP,0
INC,4
IND,0
Bharatiya Praja Surajya Paksha,0
Gondvana Gantantra Party,0
IND,0
IND,0
IND,0
IND,0
IND,1
IND,2
IND,0
Vanchit Bahujan Aaghadi,0
BSP,0
INC,1
Janasena Party,0
TDP,0
JMM,0
Bahujan Suraksha Dal,0
IND,0
IND,1
IND,0
IND,3
IND,0
IND,0
IND,0
Sikkim United Front,0
SHS,4
Rashtriya Jansurajya Party,0
Indigenousn Peoples Front Of Tripura,0
Bhartiya Sarvodaya Party,0
IND,2
RLD,2
Jan Satya Path Party,0
SHS,0
Bhartiya Shakti Chetna Party,1
IND,0
IND,0
IND,0
Tamil Nadu Ilangyar Katchi,0
Rashtriya Gondvana Party,0
IND,0
IND,0
IND,0
IND,0
INC,0
IND,1
BSP,5
IND,0
Bharatiya National Janta Dal,0
IND,0
IND,0
IND,7
IND,0
IND,0
INC,1
Pragatishil Samajwadi Party (Lohia),0
Party for Democratic Socialism,0
IND,0
IND,0
IND,0
IND,0
Tamil Maanila Congress (Moopanar),0
Bahujan Mukti Party,0
IND,0
IND,0
IND,0
IND,0
Bihar Lok Nirman Dal,0
Bharat Prabhat Party,0
IND,0
INC,0
Hindusthan Praja Paksha,2
BSP,0
IND,1
VANCHITSAMAJ INSAAF PARTY,1
Karnataka Karmikara Paksha,0
Indian Labour Party (Ambedkar Phule),0
NPP,0
Rashtriya Jankranti Party,0
Manvadhikar National Party,0
Karnataka Karmikara Paksha,0
IND,0
IND,0
IND,0
IND,0
Bhartiya Dalit Party,0
Janapaalana Party (Democratic),0
IND,0
IND,0
BSP,0
BSP,0
JD(S),0
Hindusthan Nirman Dal,0
Bharatiya Praja Surajya Paksha,0
Ambedkarite Party of India,0
IND,0
Maharashtra Swabhimaan Paksh,5
Peoples Party of India (Democratic),0
IND,0
IND,0
IND,0
Uttama Prajaakeeya Party,0
Ambedkar Samaj Party,0
IND,0
IND,0
BJP,0
IND,0
IND,0
Ambedkarite Party of India,0
BJP,1
Sunder Samaj Party,0
BJP,4
IND,0
Vanchit Bahujan Aaghadi,0
BSP,0
Aihra National Party,0
IND,1
IND,0
IND,0
IND,0
IND,0
Tamil Nadu Ilangyar Katchi,0
Bharatiya National Janta Dal,0
BSP,0
Kamatapur Peoples Party (United),6
AITC,0
IND,0
IND,0
All India Praja Party,0
IND,0
IND,0
Manipur Peoples Party,1
INC,1
IND,3
Jan Seva Sahayak Party,0
Swatantra Jantaraj Party,0
SHS,4
INC,0
IND,0
IND,0
IND,0
Kerala Congress,3
BSP,0
Naam Tamilar Katchi,0
CPI(M),10
Pravasi Nivasi Party,0
Tamil Nadu Ilangyar Katchi,0
CPI(M),1
IND,0
CPI(M),6
IND,0
SUCI(C),0
BJP,0
Republican Party of India (Karnataka),0
SHS,0
Pragatishil Samajwadi Party (Lohia),0
IND,0
BSP,1
IND,1
IND,0
IND,0
BJP,0
IND,0
IND,0
AIADMK,0
IND,0
IND,0
Samajwadi Forward Bloc,0
IND,0
Rashtriya Samaj Paksha,0
Karnataka Praja Party (RaithaParva),0
CPI(M),0
IND,0
CPI,0
IND,1
IND,0
CPI(ML)(L),3
IND,0
BJP,0
IND,0
YSRCP,3
IND,0
DMK,2
INC,0
IND,0
Tamil Nadu Ilangyar Katchi,0
BJP,7
Vanchit Bahujan Aaghadi,1
IND,0
Radical Democrats Party,0
IND,0
IND,0
INC,1
India Praja Bandhu Party,0
IND,0
IND,4
DMK,0
IND,0
CPI(ML)(L),2
BJP,0
Jai Swaraj Party,0
Mundadugu Praja Party,0
IND,0
IND,0
IND,1
IND,0
TDP,0
Desiya Makkal Sakthi Katchi,0
IND,0
INC,1
Bahujan Mukti Party,0
IND,0
IND,0
Naam Tamilar Katchi,0
IND,0
IND,0
IND,0
Ambedkarite Party of India,0
Pyramid Party of India,0
IND,1
Swarna Bharat Party,0
SUCI(C),0
IND,0
RPI(Khobragade),0
IND,0
Aihra National Party,1
IND,0
BJP,0
IND,0
IND,0
Republican Party of India (Karnataka),1
BJP,0
BJP,0
BJP,0
IND,0
INC,0
IND,0
IND,0
IND,0
IND,3
IND,0
IND,0
NCP,0
BSP,0
BSP,1
IND,1
IND,0
Voters Party International,0
SUCI(C),0
DMK,4
INC,1
IND,0
Pyramid Party of India,0
Desiya Makkal Sakthi Katchi,0
Rashtriya Bharatiya Jan Jan Party,0
Bhartiya Nojawan Dal,0
All India Minorities Front,0
IND,0
IND,0
IND,0
IND,3
IND,0
Bharatiya Bahujan Congress,0
Hindusthan Nirman Dal,0
IND,0
IND,0
SHS,0
IND,0
INC,0
IND,1
BJP,0
IND,0
Hindusthan Nirman Dal,0
Hindusthan Nirman Dal,0
IND,0
IND,0
BJP,0
Sardar Vallabhbhai Patel Party,0
BJP,6
IND,0
Bhartiya Tribal Party,0
IND,8
IND,0
NCP,4
Ambedkar National Congress,0
IND,0
IND,0
Apna Desh Party,0
IND,0
Sanyukt Vikas Party,0
IND,0
BJP,1
SHS,0
IND,9
Swabhimani Paksha,3
IND,0
IND,2
IND,0
AIADMK,0
IND,0
CPI(ML) Red Star,2
Aapki Apni Party (Peoples),0
Bahujan Mukti Party,0
IND,0
IND,0
IND,0
IND,0
INC,0
Pyramid Party of India,0
IND,0
IND,0
Jana Jagruti Party,2
IND,0
IND,0
IND,0
RPI(A),0
IND,0
BJP,0
IND,0
IND,0
BSP,0
IND,0
IND,0
IND,0
Bharatiya Momin Front,0
Kranti Kari Jai Hind Sena,0
BJD,0
Bharat Prabhat Party,0
IND,0
INC,0
YSRCP,1
Bharatiya Prajatantrik Shudh Gandhiwadi Krish,0
IND,0
IND,0
IND,0
Makkal Needhi Maiam,0
IND,0
INC,3
IND,0
IND,0
IND,0
IND,0
IND,0
IND,0
BJP,0
IND,0
Swabhiman Party,1
IND,0
TRS,0
IND,0
IND,0
IND,0
IND,1
IND,0
IND,0
IND,0
IND,2
Gondvana Gantantra Party,0
Suheldev Bhartiya Samaj Party,0
SUCI(C),1
IND,0
IND,0
Makkal Needhi Maiam,0
IND,0
Amra Bangalee,0
BJP,0
BJP,5
INC,5
IND,0
INC,10
SHS,0
BJP,3
IND,0
INC,1
IND,0
IND,0
IND,2
IND,0
BSP,0
INC,0
IND,0
AIFB,0
IND,0
Hindusthan Nirman Dal,0
Bharatiya Rashtravadi Paksha,0
JD(S),0
Naam Tamilar Katchi,1
SUCI(C),2
Bhartiya Shakti Chetna Party,0
INC,0
IND,0
IND,0
Public Mission Party,0
IND,0
IND,0
BSP,0
BJP,0
IND,0
IND,1
Bhartiya Kisan Party,0
IND,0
IND,0
IND,0
BJP,1
CPI(ML) Red Star,0
BJD,0
Bodoland Peoples Front,0
Bahujan Republican Socialist Party,0
INC,0
IND,0
Rashtriya Samaj Paksha,0
BSP,0
Vanchit Samaj Party,3
IND,0
Bhartiya Krishak Dal,0
IND,0
JD(S),1
IND,4
National Peoples Party,0
IND,0
IND,0
YSRCP,1
IND,0
BJD,0
Karnataka Praja Party (RaithaParva),0
IND,0
BSP,2
IND,0
INC,1
IND,0
Bahujan Mukti Party,0
SHS,3
BJP,3
BJP,0
INC,0
Republican Paksha (Khoripa),0
IND,0
IND,1
IND,1
BSP,0
IND,0
IND,0
INC,1
IND,0
Uttama Prajaakeeya Party,0
IND,0
Vanchit Bahujan Aaghadi,0
IND,0
IND,0
IND,0
IND,0
IND,0
INC,0
Pragatisheel Lok Manch,0
IND,0
BJP,0
Revolutionary Socialist Party,5
IND,0
BSP,0
IND,6
IND,0
IND,0
BJP,1
INC,1
IND,0
Rashtriya Mazdoor Ekta Party,0
Hindusthan Nirman Dal,2
IND,0
SUCI(C),0
IND,0
IND,0
Jammu & Kashmir National Panthers Party,0
Bahujan Mukti Party,0
IND,0
Ambedkarite Party of India,0
BSP,3
Ambedkar National Congress,0
IND,0
Sanman Rajkiya Paksha,0
IND,0
IND,0
BSP,0
IND,0
IND,0
Rashtriya Bahujan Congress Party,0
IND,0
IND,0
IND,0
BJD,0
TRS,0
IND,3
BJP,3
BJP,0
INC,0
IND,0
IND,0
IND,0
Makkal Needhi Maiam,0
IND,0
IND,0
IND,0
IND,0
Makkal Needhi Maiam,0
IND,0
BSP,0
IND,0
Indian Christian Front,2
North East India Development Party,0
BSP,0
IND,0
Makkal Needhi Maiam,0
IND,1
IND,0
SUCI(C),0
All Indians Party,0
IND,0
Khusro Sena Party,1
BJP,1
BJP,6
Makkal Needhi Maiam,1
IND,0
AIUDF,0
IND,0
IND,1
AIUDF,2
AIFB,0
BJP,2
IND,0
IND,0
IND,0
BSP,0
Agila India Makkal Kazhagam,0
IND,0
Subhashwadi Bhartiya Samajwadi Party,0
VANCHITSAMAJ INSAAF PARTY,0
Right to Recall Party,0
INC,5
IND,0
BSP,0
IND,0
IND,1
INC,4
AIFB,0
Chhattisgarh Swabhiman Manch,0
BSP,0
IND,0
Bhartiya Panchyat Party,0
IND,0
IND,0
AIADMK,0
Rashtriya Vyapari Party,0
Jammu & Kashmir People Conference,0
BJP,0
BJP,3
INC,0
IND,0
IND,0
Anaithu India Makkal Katchi,0
IND,0
IND,0
IND,0
BSP,0
CPI,0
SUCI(C),0
Tamil Telugu National Party,0
IND,0
IND,0
Bhartiya Bahujan Kranti Dal,0
IND,0
CPI,15
Jana Jagruti Party,0
IND,2
Lok Dal,0
IND,0
IND,0
IND,0
IND,0
IND,0
Makkal Needhi Maiam,1
IND,0
Anti Corruption Dynamic Party,0
IND,0
IND,5
IND,0
TRS,0
IND,0
Bhartiya Jan Nayak Party,1
BJP,0
AIFB,1
Ambedkarite Party of India,0
IND,0
IND,0
IND,0
IND,0
IND,0
BJP,3
IND,0
CPI(ML) Red Star,1
IND,0
Bahujan Mukti Party,0
Bahujan Mukti Party,1
CPI(M),0
Vanchit Bahujan Aaghadi,2
IND,0
Makkal Needhi Maiam,0
Makkal Needhi Maiam,0
Gondvana Gantantra Party,0
Bahujan Republican Socialist Party,0
IND,0
Sarvodaya Bharat Party,0
IND,0
IND,0
IND,0
Bhartiya Shakti Chetna Party,0
IND,0
Aam Janta Party Rashtriya,0
IND,0
IND,0
IND,0
Prajatantra Aadhar Party,0
Voters Party International,0
IND,0
Bharat Bhoomi Party,1
Jan Adhikar Party (Loktantrik),31
IND,1
IND,0
Hamari Apni Party,1
NCP,0
IND,0
IND,0
IND,0
IND,0
Hindusthan Nirman Dal,0
Bhartiya Kisan Party,0
IND,0
IND,0
Baliraja Party,0
IND,0
JMM,2
Bhartiya Bahujan Kranti Dal,0
Purvanchal Janta Party (Secular),0
IND,0
BJP,3
IND,0
Universal Brotherhood Movement,0
IND,0
IND,0
INC,1
IND,0
IND,0
Jan Shakti Dal,0
IND,1
IND,0
IND,0
BJP,0
IND,0
IND,0
Azad Mazdoor Kissan Party,0
IND,0
Bahujan Maha Party,0
INC,0
IND,2
IND,0
IND,0
IND,0
IND,0
BJP,0
BJP,0
IND,0
Moulik Adhikar Party,0
IND,0
IND,0
IND,1
Right to Recall Party,0
IND,0
SHS,1
NPP,0
IND,0
Bharat Prabhat Party,0
BSP,0
Bahujan Mukti Party,0
IND,1
CPI,1
SUCI(C),0
IND,0
IND,0
IND,0
IND,0
IND,0
BSP,0
Naam Indiar Party,0
IND,0
DMK,0
IND,0
IND,0
Ulzaipali Makkal Katchy,0
IND,0
IND,0
IND,0
INC,0
BSP,0
Hindustan Janta Party,0
IND,0
SHS,1
IND,0
Uttama Prajaakeeya Party,0
IND,3
Ulzaipali Makkal Katchy,0
IND,0
Praja Shanthi Party,0
IND,0
IND,0
IND,0
IND,0
IND,0
BJP,1
IND,0
IND,0
Bahujan Republican Socialist Party,0
BJP,0
IND,0
IND,0
IND,0
Bhartiya Lok Seva Dal,0
IND,0
IND,2
BJD,0
IND,1
Aam Adhikar Morcha,0
Bahujan Mukti Party,0
IND,0
BJP,0
Dalit Soshit Pichhara Varg Adhikar Dal,0
INC,3
IND,0
IND,0
IND,0
Ahimsa Socialist Party,0
IND,0
IND,0
IND,0
IND,0
IND,0
Naam Tamilar Katchi,0
IND,0
BJP,0
Vanchit Bahujan Aaghadi,0
BJP,0
Ambedkarite Party of India,0
IND,0
SP,2
Peace Party,3
IND,0
IND,0
Sarvjan Lok Shakti Party,0
Bhartiya Lokmat Rashtrwadi Party,0
TDP,1
IND,0
Shoshit Samaj Dal,0
IND,0
Rashtriya Samaj Paksha,0
JD(U),1
Vanchit Bahujan Aaghadi,0
IND,0
IND,0
CPI,0
INC,3
BSP,0
IND,0
NCP,4
Revolutionary Socialist Party,0
Bahujan Mukti Party,0
SHS,2
CPI(ML) Red Star,0
Bhartiya Manvadhikaar Federal Party,0
BJP,0
INC,5
BJP,2
IND,0
IND,1
SHS,0
Samajwadi Jan Parishad,0
IND,0
IND,0
IND,0
IND,0
Naam Tamilar Katchi,3
Pragatishil Samajwadi Party (Lohia),0
IND,0
IND,0
BJP,0
BSP,0
INC,0
IND,0
IND,0
IND,0
IND,0
Bahujan Mukti Party,0
IND,0
BJP,0
IND,0
IND,0
Vyavastha Parivartan Party,0
IND,3
Hindusthan Nirman Dal,0
IND,1
BJP,0
IND,0
Aadarsh Mithila Party,0
SP,0
IND,0
IND,0
IND,0
IND,0
IND,0
IND,0
Bahujan Mukti Party,0
IND,0
IND,1
Makkal Needhi Maiam,0
Anti Corruption Dynamic Party,0
IND,0
IND,0
IND,0
DMK,0
Pragatishil Samajwadi Party (Lohia),0
IND,0
IND,0
IND,0
Inqalab Vikas Dal,0
Indian Labour Party (Ambedkar Phule),0
INC,0
Bhartiya Navodaya Party,0
IND,0
BJP,1
IND,0
Ambedkarite Party of India,0
BSP,0
TDP,0
BJP,0
Samajwadi Forward Bloc,0
IND,0
National Bhrashtachar Mukt Party,0
Hindusthan Nirman Dal,0
Makkal Needhi Maiam,0
RPI(A),0
IND,0
Hindusthan Nirman Dal,0
BJP,7
INC,1
BJP,0
IND,0
IND,0
Bharatiya Prajagala Kalyana Paksha,0
IND,0
AITC,0
BJP,0
Jan Shakti Ekta Party,0
Pyramid Party of India,0
IUML,0
IND,8
INC,0
IND,0
IND,0
Rashtriya Jansabha Party,0
BSP,0
IND,0
IND,0
TDP,0
Bharatiya Bahujan Samta Party,0
IUML,0
Samajwadi Forward Bloc,0
IND,0
IND,0
National Republican Congress,0
IND,0
Hindusthan Nirman Dal,0
BSP,1
AIFB,0
BJP,7
Bharipa Bahujan Mahasangh,0
Naam Tamilar Katchi,0
IND,0
IND,0
IND,0
Swatantra Bharat Paksha,0
INC,0
IND,0
IND,0
Naam Tamilar Katchi,0
Pragatishil Samajwadi Party (Lohia),0
IND,0
IND,1
IND,0
Naam Tamilar Katchi,0
IND,0
IND,0
DMK,2
SUCI(C),1
IND,0
IND,0
CPI(ML)(L),1
BJP,2
IND,0
IND,0
BSP,0
Bahujan Mukti Party,0
BSP,0
IND,0
IND,0
IND,0
Anti Corruption Dynamic Party,0
IND,0
IND,0
IND,1
BSP,0
JD(S),1
IND,0
Rayalaseema Rashtra Samithi,0
Janasena Party,1
IND,0
Ambedkar Samaj Party,0
Pyramid Party of India,0
Bharatiya Bahujan Samta Party,0
IND,0
RPI,1
IND,0
IND,0
CPI(M),3
IND,0
IND,0
Apna Desh Party,0
INC,0
IND,0
Kalinga Sena,0
IND,0
IND,0
INC,0
IND,0
IND,0
IND,0
IND,4
Rashtriya Nav Nirman Bharat Party,0
IND,0
IND,0
Adarsh Samaj Party,0
BSP,0
RPI(A),2
Bahujan Republican Socialist Party,0
IND,2
IND,0
AITC,1
Bharath Dharma Jana Sena,0
IND,0
Vanchit Bahujan Aaghadi,0
IND,1
Bhartiya Manvadhikaar Federal Party,0
IND,0
IND,0
IND,0
Asom Jana Morcha,0
SUCI(C),0
IND,1
IND,0
IND,0
BJP,2
IND,0
IND,0
IND,0
IND,0
BSP,0
All India Puratchi Thalaivar Makkal Munnettra,0
Naam Tamilar Katchi,0
Tamil Nadu Ilangyar Katchi,0
BSP,0
IND,0
IND,0
IND,6
INC,5
IND,0
IND,6
IND,0
Pattali Makkal Katchi,0
IND,0
IND,0
IND,1
CPI(M),7
Pragatishil Samajwadi Party (Lohia),0
IND,0
INC,0
INC,0
IND,0
BJP,1
IND,1
IND,0
IND,0
IND,0
IND,0
IND,0
Manvadhikar National Party,0
IND,0
Makkal Needhi Maiam,0
IND,0
RPI,0
National Dalitha Dhal Party,0
IND,0
IND,0
BJP,0
IND,0
IND,0
IND,0
IND,0
Adhikar Vikas Party,0
Bhartiya Sarvjan Hitey Samaj Party,4
IND,0
IND,0
IND,0
SUCI(C),0
IND,0
SHS,0
IND,1
IND,0
IND,0
IND,0
IND,0
BJP,2
IND,2
IND,0
IND,0
NCP,1
IND,0
IND,0
Voters Party International,0
IND,0
Bhartiya Bhaichara Party,0
IND,0
Bahujan Mukti Party,0
IND,0
IND,0
Bahujan Maha Party,1
IND,0
INC,0
Naitik Party,0
IND,0
Uttarakhand Pragatisheel Party,0
AAP,0
BJP,1
SHS,0
Lok Sewa Dal,0
BJP,1
Bahujan Mukti Party,0
IND,0
IND,0
NCP,1
Aam Janta Party Rashtriya,0
BJP,1
IND,0
IND,10
IND,0
IND,0
INC,2
CPI(M),0
CPI(ML) Red Star,0
IND,0
IND,0
Anti Corruption Dynamic Party,0
BJP,1
Bihar Lok Nirman Dal,0
Hindusthan Nirman Dal,3
Bharatiya Gana Parishad,0
IND,1
JMM,0
IND,0
IND,0
Uttama Prajaakeeya Party,1
Engineers Party,0
IND,0
IND,0
Bharatiya Jan Kranti Dal (Democratic),0
IND,0
IND,0
IND,0
Bhartiya Bahujan Kranti Dal,0
IND,0
JD(U),1
IND,0
BJP,0
SHS,0
IND,0
SHS,0
IND,0
Uttama Prajaakeeya Party,0
BJP,0
Bhartiya Manavadhikaar Federal Party,0
IND,0
Ambedkar National Congress,0
IND,0
Naam Tamilar Katchi,0
BJP,0
IND,0
IND,0
Rashtriya Mahila Party,0
IND,0
INC,0
Indian Labour Party (Ambedkar Phule),0
Indian New Congress Party,1
INC,0
Makkal Needhi Maiam,0
AIADMK,0
IND,0
BSP,0
AIADMK,0
IND,0
IND,0
IND,0
IND,0
RJD,6
Peoples Party of India (Democratic),0
Samata Kranti Dal,0
IND,0
Bharatiya Majdoor Janta Party,0
Pyramid Party of India,0
IND,0
Tamil Nadu Ilangyar Katchi,2
IND,0
Aam Janta Party (India),0
IND,0
IND,0
IND,0
IND,0
IND,0
Pyramid Party of India,0
IND,0
Naam Tamilar Katchi,0
Bharatiya Bahujan Parivartan Party,0
AAP,0
CPI,0
BJP,0
IND,0
IND,0
IND,0
BSP,1
Jan Adhikar Party,1
INC,4
IND,0
BSP,1
BJP,5
AAP,0
Bahujan Mukti Party,0
IND,0
IND,0
Hindustan Janta Party,0
IND,0
SP,1
IND,0
Bhartiya Kisan Party,0
IND,0
IND,0
Ambedkarite Party of India,0
Naam Tamilar Katchi,2
BSP,0
IND,0
IND,0
United States of India Party,0
IND,0
IND,0
IND,0
DMK,0
IND,3
IND,0
IND,0
CPI,0
IND,0
IND,0
IND,2
Rashtriya Janhit Sangharsh Party,0
IND,1
IND,0
IND,0
IND,2
IND,0
IND,0
IND,0
IND,0
Desiya Makkal Sakthi Katchi,0
Ulzaipali Makkal Katchy,0
Rashtriya Jansabha Party,0
Pragatishil Samajwadi Party (Lohia),5
IND,0
IND,0
IND,0
Naam Tamilar Katchi,0
INC,1
IND,1
Bahujan Maha Party,0
IND,0
IND,1
IND,0
Ambedkar Samaj Party,0
IND,0
Navarang Congress Party,0
RPI(A),1
INC,1
IND,0
Janasena Party,0
IND,0
IND,3
IND,1
BSP,0
IND,0
Bahujan Maha Party,0
IND,0
IND,0
Bahujan Maha Party,0
IND,0
IND,0
Shakti Sena (Bharat Desh),0
IND,0
RJD,0
SUCI(C),0
BSP,1
CPI(ML) Red Star,0
Voters Party International,0
Makkal Needhi Maiam,0
IND,0
Pyramid Party of India,0
Bharat Bhoomi Party,0
BSP,0
SDPI,2
INC,0
IND,0
Bharatiya Peoples Party,0
IND,0
BSP,4
IND,0
IND,0
IND,0
IND,0
IND,0
IND,0
IND,0
IND,0
IND,0
Naam Tamilar Katchi,0
Gondvana Gantantra Party,0
UKD,2
IND,0
Rashtriya Janshakti Party (Secular),0
RJD,3
Vanchit Bahujan Aaghadi,2
BJP,0
CPI(M),3
IND,0
Svatantra Bharat Satyagrah Party,0
INC,2
IND,0
IND,0
IND,1
SDPI,3
BJP,1
Republican Party of India (Karnataka),3
IND,0
IND,1
IND,0
IND,0
CPI,0
Rashtriya Janta Party,0
INC,3
Bharatrashtra Democratic Party,0
Swabhimani Paksha,15
BSP,0
IND,0
Ambedkarite Party of India,0
IND,0
IND,0
Ambedkarite Party of India,1
IND,0
IND,0
IND,2
IND,0
BSP,0
IND,0
IND,0
IND,0
BSP,0
Pragatishil Samajwadi Party (Lohia),0
BJP,3
IND,0
JD(U),0
IND,0
Hindusthan Nirman Dal,1
BSP,6
Vanchit Bahujan Aaghadi,0
IND,0
Bahujan Maha Party,0
BJP,0
Bharatiya Praja Surajya Paksha,0
IND,0
IND,0
IND,0
IND,0
INC,0
BJP,0
IND,0
Rashtriya Jansambhavna Party,0
IND,0
IND,0
IND,0
IND,0
BJP,0
Sarvjan Lok Shakti Party,0
Hindustan Janta Party,0
Hindustan Janta Party,0
BJP,0
INC,0
IND,0
IND,0
JMM,0
IND,0
IND,0
SUCI(C),0
Swatantra Jantaraj Party,0
Indian Labour Party (Ambedkar Phule),0
IND,0
TDP,0
BSP,2
IND,0
IND,0
Bahujan Mukti Party,0
IND,0
BSP,0
Rashtriya Jansabha Party,0
IND,0
Tamil Nadu Ilangyar Katchi,0
Bahujan Maha Party,0
IND,0
IND,0
IND,0
IND,9
IND,0
IND,0
BSP,0
Secular Democratic Congress,0
Samajwadi Forward Bloc,0
IND,0
Bhartiya Shakti Chetna Party,0
IND,0
Anna YSR Congress Party,0
IND,0
IND,0
Navarang Congress Party,0
BSP,0
IND,0
IND,0
IND,0
IND,0
BSP,0
IND,0
AIADMK,0
BSP,0
IND,0
IND,0
Naam Tamilar Katchi,0
Jammu & Kashmir National Panthers Party,0
BJP,0
INC,1
IND,0
BJP,40
IND,0
Jan Satya Path Party,0
IND,1
BSP,0
Ambedkar National Congress,0
Swaraj Party (Loktantrik),0
IND,0
SUCI(C),0
IND,0
IND,0
Bharat Prabhat Party,0
IND,0
IND,0
Rashtriya Power Party,0
Sardar Vallabhbhai Patel Party,0
IND,0
Jansatta Party,0
IND,1
IND,0
IND,0
IND,0
BJP,1
IND,0
Bharatiya Gana Parishad,0
IND,1
BJP,11
BJP,0
BJP,0
IND,0
YSRCP,0
Makkal Needhi Maiam,1
Odisha Pragati Dal,0
IND,3
Makkal Needhi Maiam,0
YSRCP,13
IND,0
TDP,0
Pyramid Party of India,0
IND,0
Indian Christian Front,0
IND,0
IND,0
IND,1
IND,0
BSP,0
INC,1
Kamatapur Peoples Party (United),0
IND,0
IND,0
Indian New Congress Party,0
CPI,0
IND,0
BSP,0
IND,0
IND,0
Ambedkar National Congress,0
Kamatapur Peoples Party (United),9
IND,0
BSP,0
IND,0
IND,0
Maharashtra Swabhimaan Paksh,2
IND,0
Hum Bhartiya Party,0
Bahujan Maha Party,0
IND,0
SUCI(C),0
IND,0
IND,0
IND,0
Naam Tamilar Katchi,0
AITC,3
IND,0
The Future India Party,0
IND,0
Amra Bangalee,0
IND,0
IND,0
IND,0
IND,0
Peoples Party of Arunachal,0
Bihar Lok Nirman Dal,2
IND,3
IND,0
BSP,0
Vanchit Bahujan Aaghadi,0
BJP,0
IND,0
AITC,0
DMDK,5
BSP,0
IND,0
Kranti Kari Jai Hind Sena,0
IND,0
IND,0
Rashtriya Janshakti Party (Secular),0
SUCI(C),1
SUCI(C),0
BJP,0
IND,0
BJP,0
Bharatiya Gana Parishad,0
Bahujan Mukti Party,0
IND,1
IND,0
IND,0
IND,0
IND,0
Vanchit Bahujan Aaghadi,0
IND,0
Rashtriya Jansabha Party,0
IND,0
IND,0
IND,0
DMK,0
IND,0
IND,0
Gareeb Aadmi Party,0
IND,0
IND,0
BSP,0
IND,0
IND,0
BJP,2
IND,1
IND,0
Bahujan Mukti Party,0
Pragatishil Samajwadi Party (Lohia),1
IND,0
TDP,0
IND,0
BJP,0
Bahujan Republican Socialist Party,0
Rashtriya Lok Sarvadhikar Party,3
Rashtriya Janasachetan Party,0
IND,0
Bharat Bhrashtachar Mitao Party,0
Uttama Prajaakeeya Party,0
IND,0
IND,0
IND,0
IND,0
Garib Janshakti Party,0
BJD,0
IND,0
IND,0
Jai Maha Bharath Party,0
IND,0
Hindustan Janta Party,0
NCP,0
IUML,0
Jan Adhikar Party,0
IND,0
SUCI(C),0
IND,0
UKD,0
AIFB,0
Desiya Makkal Sakthi Katchi,0
YSRCP,0
IND,0
IND,0
SP,0
IND,0
IND,0
BJP,1
IND,0
Samajwadi Forward Bloc,0
SHS,0
IND,0
Asli Deshi Party,0
Bahujan Mukti Party,0
Uttama Prajaakeeya Party,0
BJP,0
IND,0
Ulzaipali Makkal Katchy,0
IND,0
IND,0
IND,0
IND,0
IND,1
IND,0
INC,0
Hindusthan Nirman Dal,0
Bhartiya Dalit Party,0
BJP,3
BSP,0
IND,0
Makkal Needhi Maiam,0
IND,2
IND,0
IND,0
Jana Jagruti Party,0
SUCI(C),0
INC,1
IND,1
Independent Peoples Party,0
IND,0
BSP,0
JD(U),4
IND,0
Welfare Party Of India,0
IND,0
Karnataka Karmikara Paksha,0
IND,0
IND,0
IND,0
Naam Tamilar Katchi,0
IND,0
IND,0
IND,0
INC,7
DMK,0
IND,0
Samajwadi Forward Bloc,0
SUCI(C),0
IND,0
IND,0
IND,0
Pyramid Party of India,0
SP,0
YSRCP,2
IND,0
TRS,6
IND,0
Bhartiya Kisan Party,0
IND,0
IND,0
Naam Tamilar Katchi,0
SUCI(C),0
SUCI(C),0
BJP,0
Bahujan Mukti Party,2
IND,1
IND,0
IND,0
IND,2
NCP,0
IND,0
PRISM Party,0
IND,0
Proutist Sarva Samaj,0
Moulik Adhikar Party,0
Ambedkar Samaj Party,2
Rashtriya Samanta Dal,0
BSP,1
BJP,0
IND,0
India Praja Bandhu Party,0
IND,0
IND,0
IND,0
INC,0
Vyavastha Parivartan Party,0
IND,0
IND,0
Garvi Gujarat Party,0
INC,0
IND,0
INC,0
Loktantrik Rashrtavadi Party,0
Rashtravadi Party (Bharat),0
IND,0
AIADMK,2
IND,0
IND,0
IND,0
Makkal Needhi Maiam,0
IND,1
NPP,0
IND,0
IND,0
IND,0
IND,0
IND,0
IND,0
IND,0
Viduthalai Chiruthaigal Katchi,3
IND,0
INC,0
IND,0
IND,0
IND,0
IND,0
BJP,0
Kerala Congress (M),0
IND,0
IND,0
IND,0
SDPI,1
All Peoples Party,0
IND,0
Republican Sena,0
BSP,0
IND,0
BJP,0
IND,0
BSP,0
Nationalist Democratic Progressive Party,0
INC,1
BJP,0
India Praja Bandhu Party,0
BSP,0
IND,0
Uttarakhand Kranti Dal (Democratic),0
INC,0
Swatantra Bharat Paksha,0
IND,0
IND,0
IND,0
IND,0
Gondvana Gantantra Party,0
IND,0
IND,0
CPI(ML) Red Star,0
IND,0
SUCI(C),0
IND,0
Asom Jana Morcha,0
BJP,0
IND,0
IND,0
IND,0
IND,0
INC,2
IND,0
IND,0
IND,0
IND,0
IND,0
IND,0
IND,0
Hardam Manavtawadi Rashtriya Dal,0
IND,0
Telangana Yuva Shakti,0
IND,0
Anti Corruption Dynamic Party,0
Bahujan Mukti Party,0
SHS,0
IND,1
IND,0
IND,0
IND,0
Aadarsh Mithila Party,1
IND,0
Peoples Party of India (Democratic),0
IND,0
IND,0
BJP,1
BJP,0
IND,0
IND,0
Hindustani Awam Morcha (Secular),0
Rashtriya Jansambhavna Party,0
Bharatiya Kisan Parivartan Party,0
"United Peoples Party, Liberal",0
IND,0
IND,0
IND,0
IND,0
IND,0
CPI(ML) Red Star,0
IND,0
IND,0
Prabuddha Republican Party,0
Prabuddha Republican Party,0
BSP,0
Aasra Lokmanch Party,0
Aasra Lokmanch Party,0
IND,1
Akhand Hind Party,0
BSP,1
Bahujan Mukti Party,0
Bhartiya Naujawan Inklav Party,0
India Praja Bandhu Party,0
IND,0
Bahujan Mukti Party,4
IND,0
INC,7
IND,0
IND,0
IND,0
Pyramid Party of India,0
IND,0
IND,0
Jana Jagruti Party,0
BJP,0
IND,0
Makkal Needhi Maiam,0
Naam Tamilar Katchi,0
IND,0
INC,0
IND,0
INC,0
IND,0
INC,1
IND,4
IND,0
CPI(M),9
Makkalatchi Katchi,0
Janasena Party,0
IND,0
All India Hindustan Congress Party,3
IND,0
Pattali Makkal Katchi,0
Dalita Bahujana Party,0
Bhartiya Tribal Party,0
IND,0
BSP,0
IND,0
BSP,0
IND,0
Prahar Janshakti Party,0
Pattali Makkal Katchi,0
IND,0
IND,0
IND,0
Bahujan Maha Party,0
IND,0
Akila India Vallalar Peravai,0
IND,0
IND,0
Pyramid Party of India,0
IND,0
Janasena Party,3
Marxist Communist Party of India (United),0
YSRCP,0
IND,3
IND,0
Akhil Bharatiya Manavata Paksha,0
BSP,0
INC,0
IND,0
Peoples Democratic Party,0
Bahujan Mukti Party,1
IND,0
AIFB,0
INC,0
IND,0
IND,0
IND,0
Bhartiya Tribal Party,0
BSP,0
Bhartiya Tribal Party,1
CPI(M),0
Yuva Jan Jagriti Party,0
Kannada Chalavali Vatal Paksha,0
INC,2
Anti Corruption Dynamic Party,0
Ambedkarite Party of India,0
CPI(M),0
INC,0
IND,0
IND,0
IND,0
Hindusthan Nirman Dal,0
IND,0
IND,0
RPI(Khobragade),0
IND,0
DMK,0
IND,0
IND,0
TRS,0
IND,0
TDP,1
IND,0
IND,0
IND,0
IND,0
India Praja Bandhu Party,0
CPI(M),0
IND,0
IND,1
TRS,0
Uttama Prajaakeeya Party,0
IND,0
IND,0
Sarva Janata Party,0
Pyramid Party of India,0
IND,0
Makkal Needhi Maiam,0
IND,0
IND,1
IND,0
IND,0
IND,0
IND,0
BSP,0
BJP,0
IND,0
IND,0
Sarva Janata Party,0
IND,0
JD(U),3
Janta Dal Rashtravadi,0
Rashtriya Jansabha Party,0
BJP,2
SHS,0
IND,0
Moolniwasi Samaj Party,0
IND,0
Uttama Prajaakeeya Party,0
Rashtriya Shoshit Samaj Party,0
IND,0
IND,0
Makkal Needhi Maiam,0
IND,0
IND,0
IND,0
IND,0
IND,0
BSP,0
IND,0
IND,0
Vanchit Bahujan Aaghadi,1
IND,0
IND,1
INC,0
Garvi Gujarat Party,0
IND,0
IND,0
IND,1
UTTARAKHAND PARIVARTAN PARTY,0
INC,0
Aapki Apni Party (Peoples),0
IND,0
IND,0
Janhit Kisan Party,0
IND,0
IND,0
SHS,3
IND,0
IND,1
INC,0
IND,0
Ambedkarite Party of India,0
Proutist Bloc India,0
TRS,0
Rashtriya Bharatiya Jan Jan Party,1
IND,0
All Indian Rajiv Congress Party,0
BSP,0
BSP,0
Naam Tamilar Katchi,1
IND,0
IND,0
Tamil Nadu Ilangyar Katchi,0
IND,0
BSP,1
Bahujan Mukti Party,0
Jan Satya Path Party,0
IND,0
IND,0
IND,0
Vishwa Jana Party,0
BJP,1
BSP,0
IND,1
Bahujan Mukti Party,0
IND,0
INC,1
IND,2
IND,0
IND,0
Gondvana Gantantra Party,0
IND,0
IND,0
IND,0
Hum Bhartiya Party,0
Rashtriya Samaj Paksha,0
IND,0
IND,0
Chhattisgarh Vikas Ganga Rashtriya Party,0
TDP,0
IND,1
BSP,0
IND,0
INC,1
IND,0
BJP,0
Naam Tamilar Katchi,0
IND,0
BJP,1
Bhartiya Kisan Party,0
Republican Party of India (Karnataka),2
IND,0
Bahujan Maha Party,0
Bahujan Republican Socialist Party,0
BJP,0
New All India Congress Party,0
Bahujan Samyak Party (Mission),0
IND,0
YSRCP,4
IND,0
Nava Samaj Party,0
IND,0
IND,0
IND,0
IND,0
BSP,1
AAP,5
IND,0
Rashtriya Mazdoor Ekta Party,0
BSP,28
IND,0
Jan Adhikar Party,0
Asom Gana Parishad,0
IND,0
IND,0
IND,1
Jan Sangharsh Virat Party,0
INC,0
IND,2
IND,0
